{"!":0.0010496672192883462,"\"":0.1566021535179109,"#":0.00041402327949523015,"$":0.0003330651515687048,"%":0.0002583180722770217,"\u0026":0.00022940778583856663,"'":0.0018766226481132262,"(":0.002418960969900941,")":0.002890851451767337,"*":0.0007185325287818222,"+":0.000339434740484016,",":0.07946763479444367,"-":0.005735698244502126,".":0.009937071632322334,"/":0.0030781994337873773,"0":0.005454774193410003,"1":0.03164066714869129,"2":0.010013170966947428,"3":0.006479037664227913,"4":0.005206257640825503,"5":0.0047532427782337626,"6":0.004039335895282093,"7":0.0037861004378789286,"8":0.0036311226507711072,"9":0.003457903405510506,":":0.04436123981110578,";":0.001258408813272843,"\u003c":0.00029629313239876013,"=":0.001188044906441184,"\u003e":0.0003962201385884525,"?":0.0014026711426007338,"@":0.00019771838154247943,"[":0.000433719577868784,"\\":0.004422751574747965,"]":0.000449181918163932,"^":0.0001471067284774808,"_":0.000801076059513037,"`":0.0004281520162546687,"a":0.05048646219882126,"b":0.011111538030036295,"c":0.022868596126749036,"d":0.020083742841323467,"e":0.06469767720769905,"f":0.00975369648321287,"g":0.014810767720117092,"h":0.016064140548010333,"i":0.04832494266670534,"j":0.002786709139296941,"k":0.008036136365904252,"l":0.028353269151875714,"m":0.017897714847026815,"n":0.04164002645944022,"o":0.041795284023513575,"p":0.016912946557843374,"q":0.001487275696978045,"r":0.043040841748169585,"s":0.04458671206762918,"t":0.04317053702349203,"u":0.019525037567052046,"v":0.007081043086865059,"w":0.00745499297899705,"x":0.0024666722684232433,"y":0.009762845189985813,"z":0.004498235400048886,"{":0.0007528611624527748,"|":0.00009842553647466289,"}":0.0007533461091930328,"~":0.00010368534342669148}